Model,Example_No,Input_Text,Generated_Summary
T5-small,1,"I would like to share with you a new model of higher education, a model that, once expanded, can enhance the collective intelligence of millions of creative and motivated individuals that otherwise would be left behind. Look at the world. Pick a place and focus on it. You will find humans chasing higher education. Let's meet some of them.Patrick. Patrick was born in Liberia to a family of 20 children. During the civil war, he and his family were forced to flee to Nigeria. There, in spite of his situation, he graduated high school with nearly perfect grades. He wanted to continue to higher education, but due to his family living on the poverty line, he was soon sent to South Africa to work and send back money to feed his family. Patrick never gave up his dream of higher education. Late at night, after work, he surfed the net, looking for ways to study.Meet Debbie. Debbie is from Florida. Her parents didn't go to college, and neither did any of her siblings. Debbie has worked all her life, pays taxes, supports herself month to month, proud of the American dream, a dream that just won't be complete without higher education. But Debbie doesn't have the savings for higher education. She can't pay the tuition. Neither could she leave wo",patrick. Patrick was born in liberia to a family of 20 children . he never gave up his dream of higher education because of his family's poverty .
T5-small,2,"Mobility in developing world cities is a very peculiar challenge, because different from health or education or housing, it tends to get worse as societies become richer. Clearly, a unsustainable model. Mobility, as most other developing country problems, more than a matter of money or technology, is a matter of equality, equity. The great inequality in developing countries makes it difficult to see, for example, that in terms of transport, an advanced city is not one where even the poor use cars, but rather one where even the rich use public transport. Or bicycles: For example, in Amsterdam, more than 30 percent of the population uses bicycles, despite the fact that the Netherlands has a higher income per capita than the United States. There is a conflict in developing world cities for money, for government investment. If more money is invested in highways, of course there is less money for housing, for schools, for hospitals, and also there is a conflict for space. There is a conflict for space between those with cars and those without them. Most of us accept today that private property and a market economy is the best way to manage most of society's resources. However, there is a problem with that, that market economy needs ine","the great inequality in developing countries makes it difficult to see that in terms of transport, an advanced city is not one where even the poor use cars . there is a conflict in developing world cities for money, for government investment, and for space ."
T5-small,3,"I dedicated the past two years to understanding how people achieve their dreams. When we think about the dreams we have, and the dent we want to leave in the universe, it is striking to see how big of an overlap there is between the dreams that we have, and projects that never happen.(Laughter)So I'm here to talk to you today about five ways how not to follow your dreams.One: Believe in overnight success. You know the story, right? The tech guy built a mobile app and sold it very fast for a lot of money. You know, the story may seem real, but I bet it's incomplete. If you go investigate further, the guy has done 30 apps before and he has done a master's on the topic, a PhD. He has been working on the topic for 20 years.This is really interesting. I myself have a story in Brazil that people think is an overnight success. I come from a humble family, and two weeks before the deadline to apply for MIT, I started the application process. And, voilà! I got in. People may think it's an overnight success, but that only worked because for the 17 years prior to that, I took life and education seriously. Your overnight success story is always a result of everything you've done in your life through that moment.Two: Believe someone else has t","the tech guy built a mobile app and sold it very fast for a lot of money . he has done 30 apps before and a master's on the topic, a PhD . people think it's an overnight success ."
T5-base,1,"I would like to share with you a new model of higher education, a model that, once expanded, can enhance the collective intelligence of millions of creative and motivated individuals that otherwise would be left behind. Look at the world. Pick a place and focus on it. You will find humans chasing higher education. Let's meet some of them.Patrick. Patrick was born in Liberia to a family of 20 children. During the civil war, he and his family were forced to flee to Nigeria. There, in spite of his situation, he graduated high school with nearly perfect grades. He wanted to continue to higher education, but due to his family living on the poverty line, he was soon sent to South Africa to work and send back money to feed his family. Patrick never gave up his dream of higher education. Late at night, after work, he surfed the net, looking for ways to study.Meet Debbie. Debbie is from Florida. Her parents didn't go to college, and neither did any of her siblings. Debbie has worked all her life, pays taxes, supports herself month to month, proud of the American dream, a dream that just won't be complete without higher education. But Debbie doesn't have the savings for higher education. She can't pay the tuition. Neither could she leave wo","cnn's john sutter shares a new model of higher education . the model can enhance the collective intelligence of millions of creative and motivated individuals . ""you will find humans chasing higher education,"" says a former liberian ."
T5-base,2,"Mobility in developing world cities is a very peculiar challenge, because different from health or education or housing, it tends to get worse as societies become richer. Clearly, a unsustainable model. Mobility, as most other developing country problems, more than a matter of money or technology, is a matter of equality, equity. The great inequality in developing countries makes it difficult to see, for example, that in terms of transport, an advanced city is not one where even the poor use cars, but rather one where even the rich use public transport. Or bicycles: For example, in Amsterdam, more than 30 percent of the population uses bicycles, despite the fact that the Netherlands has a higher income per capita than the United States. There is a conflict in developing world cities for money, for government investment. If more money is invested in highways, of course there is less money for housing, for schools, for hospitals, and also there is a conflict for space. There is a conflict for space between those with cars and those without them. Most of us accept today that private property and a market economy is the best way to manage most of society's resources. However, there is a problem with that, that market economy needs ine","mobility in developing world cities is a very peculiar challenge, says nicolaus mills . mills: mobility is more than a matter of money or technology, it's about equality, equity . he says market economy needs inequity, a problem with private property and a market economy . market economy must be able to manage resources, mills says ."
T5-base,3,"I dedicated the past two years to understanding how people achieve their dreams. When we think about the dreams we have, and the dent we want to leave in the universe, it is striking to see how big of an overlap there is between the dreams that we have, and projects that never happen.(Laughter)So I'm here to talk to you today about five ways how not to follow your dreams.One: Believe in overnight success. You know the story, right? The tech guy built a mobile app and sold it very fast for a lot of money. You know, the story may seem real, but I bet it's incomplete. If you go investigate further, the guy has done 30 apps before and he has done a master's on the topic, a PhD. He has been working on the topic for 20 years.This is really interesting. I myself have a story in Brazil that people think is an overnight success. I come from a humble family, and two weeks before the deadline to apply for MIT, I started the application process. And, voilà! I got in. People may think it's an overnight success, but that only worked because for the 17 years prior to that, I took life and education seriously. Your overnight success story is always a result of everything you've done in your life through that moment.Two: Believe someone else has t",cnn's john sutter talks to you about five ways not to follow your dreams . one: believe in overnight success; another: believe someone else has tethered to you . a third: believe you're not the only one who hasn't succeeded .
DistilBART,1,"I would like to share with you a new model of higher education, a model that, once expanded, can enhance the collective intelligence of millions of creative and motivated individuals that otherwise would be left behind. Look at the world. Pick a place and focus on it. You will find humans chasing higher education. Let's meet some of them.Patrick. Patrick was born in Liberia to a family of 20 children. During the civil war, he and his family were forced to flee to Nigeria. There, in spite of his situation, he graduated high school with nearly perfect grades. He wanted to continue to higher education, but due to his family living on the poverty line, he was soon sent to South Africa to work and send back money to feed his family. Patrick never gave up his dream of higher education. Late at night, after work, he surfed the net, looking for ways to study.Meet Debbie. Debbie is from Florida. Her parents didn't go to college, and neither did any of her siblings. Debbie has worked all her life, pays taxes, supports herself month to month, proud of the American dream, a dream that just won't be complete without higher education. But Debbie doesn't have the savings for higher education. She can't pay the tuition. Neither could she leave wo"," I would like to share with you a new model of higher education, a model that, once expanded, can enhance the collective intelligence of millions of creative and motivated individuals that otherwise would be left behind . Let's meet some of the people chasing higher education ."
DistilBART,2,"Mobility in developing world cities is a very peculiar challenge, because different from health or education or housing, it tends to get worse as societies become richer. Clearly, a unsustainable model. Mobility, as most other developing country problems, more than a matter of money or technology, is a matter of equality, equity. The great inequality in developing countries makes it difficult to see, for example, that in terms of transport, an advanced city is not one where even the poor use cars, but rather one where even the rich use public transport. Or bicycles: For example, in Amsterdam, more than 30 percent of the population uses bicycles, despite the fact that the Netherlands has a higher income per capita than the United States. There is a conflict in developing world cities for money, for government investment. If more money is invested in highways, of course there is less money for housing, for schools, for hospitals, and also there is a conflict for space. There is a conflict for space between those with cars and those without them. Most of us accept today that private property and a market economy is the best way to manage most of society's resources. However, there is a problem with that, that market economy needs ine"," Mobility in developing world cities is a very peculiar challenge . Different from health or education or housing, it tends to get worse as societies become richer . Mobility, as most other developing country problems, is a matter of equality, equity ."
DistilBART,3,"I dedicated the past two years to understanding how people achieve their dreams. When we think about the dreams we have, and the dent we want to leave in the universe, it is striking to see how big of an overlap there is between the dreams that we have, and projects that never happen.(Laughter)So I'm here to talk to you today about five ways how not to follow your dreams.One: Believe in overnight success. You know the story, right? The tech guy built a mobile app and sold it very fast for a lot of money. You know, the story may seem real, but I bet it's incomplete. If you go investigate further, the guy has done 30 apps before and he has done a master's on the topic, a PhD. He has been working on the topic for 20 years.This is really interesting. I myself have a story in Brazil that people think is an overnight success. I come from a humble family, and two weeks before the deadline to apply for MIT, I started the application process. And, voilà! I got in. People may think it's an overnight success, but that only worked because for the 17 years prior to that, I took life and education seriously. Your overnight success story is always a result of everything you've done in your life through that moment.Two: Believe someone else has t"," I dedicated the past two years to understanding how people achieve their dreams . When we think about the dreams we have and the dent we want to leave in the universe, it is striking to see how big of an overlap there is between dreams that we have, and projects that never happen ."
